{"system": {"I": [3.875223, 2.972251, 3.4863030000000004, 3.239071, 3.539777, 2.990152, 3.465065, 3.0426719999999996, 3.292394, 2.9760300000000006, 3.1901199999999994, 3.0145869999999997, 2.996047, 3.14658, 2.899228, 3.363416, 2.8552540000000004, 3.3976050000000004, 2.8265450000000003, 4.046314, 3.591843, 3.8653400000000007, 3.763415, 3.9464040000000002, 3.8599770000000007, 3.8318300000000005, 3.94776, 3.174131, 3.389136, 3.2691280000000003, 3.1784130000000004, 3.46647, 3.302162, 4.022867, 3.857349, 4.417661, 4.50819, 4.495492, 4.586639, 4.381596, 4.834122, 4.399803, 5.243615999999999, 4.208444, 4.0992690000000005, 3.2453080000000005, 3.1281869999999996, 2.5561540000000003], "G": [0.0, 0.0, 0.0, 0.0, 0.0, 0.0, 0.0, 0.0, 0.0, 0.130588, 0.8275, 5.103, 8.7904, 13.251, 15.236, 20.288, 15.7768, 13.1226, 22.462, 24.702, 29.934, 28.13, 26.906, 26.01, 27.088, 26.212, 20.104, 20.634, 14.2236, 9.6804, 7.532, 7.0248, 5.5544, 6.5336, 4.4462, 3.6346, 2.4288, 1.37196, 0.45644, 0.026852, 0.0, 0.0, 0.0, 0.0, 0.0, 0.0, 0.0, 0.0], "tanks": {"ECC": {"H": [0.4350710720000014, 0.3350710719999999, 0, 0.03507107200000267, 0.3350710720000001, 0.7350710719999982, 0, 0.33507107199999986, 0.5350710719999949, 10.447005452133403, 0, 0, 0, 0, 0, 0, 2.435071071999994, 2.0350710720000023, 2.2350710720000055, 1.478862492436394, 0, 2.135071071999997, 2.335071072, 2.2350710720000047, 1.1005476729884316, 0, 2.8350710720000016, 1.835071071999999, 2.135071071999996, 1.357560000095508, 0, 2.035071072000002, 1.9350710719999933, 1.7350710720000047, 2.5244447298986197, 0, 0, 0.33507107200000014, 0.23507107199999133, 0, 0, 0.13507107199999696, 0.03507107200000262, 0.1350710719999969, 0, 0.13507107199999707, 0, 0.05723536960000268]}}, "X": [3.543223, 2.640251, 3.154303, 2.9070709999999997, 3.207777, 2.6581520000000003, 3.133065, 2.7106719999999997, 2.960394, 2.6440300000000003, 2.8581199999999995, 2.682587, 2.664047, 2.81458, 2.567228, 3.031416, 2.523254, 3.065605, 2.494545, 3.751314, 3.296843, 3.5703400000000007, 3.4684150000000002, 3.6514040000000003, 3.5649770000000007, 3.53683, 3.65276, 2.879131, 3.0941359999999998, 2.9741280000000003, 2.883413, 3.1714700000000002, 3.007162, 3.727867, 3.562349, 4.122661, 4.21319, 4.200492, 4.291639, 4.086596, 4.539122, 4.104803, 4.9486159999999995, 3.876444, 3.767269, 2.9133080000000002, 2.7961869999999998, 2.224154]}, "solution": {"ECC": {"i": [0.0, 3.0, 0.0, 0.0, 0.0, 3.0, 0.0, 3.0, 0.0, 2.869412, 0.0, 0.0, 0.0, 0.0, 0.0, 0.0, 0.0, 0.0, 0.0, 0.0, 0.0, 0.0, 0.0, 0.0, 0.0, 0.0, 0.0, 0.0, 0.0, 0.0, 0.0, 0.0, 0.0, 0.0, 0.0, 0.0, 0.0, 0.0, 0.0, 0.0, 0.0, 0.0, 0.0, 0.0, 0.0, 0.0, 0.0, 0.0], "s": [0.0, 0.0, 0.0, 0.0, 0.0, 0.0, 0.0, 0.0, 0.0, 0.130588, 0.8275, 3.0, 3.0, 3.0, 3.0, 3.0, 3.0, 3.0, 3.0, 0.0, 0.0, 0.0, 0.0, 0.0, 0.0, 0.0, 0.0, 3.0, 0.99602482, 3.0, 3.0, 0.0, 3.0, 0.0, 0.0, 0.0, 0.0, 0.0, 0.0, 0.0, 0.0, 0.0, 0.0, 0.0, 0.0, 0.0, 0.0, 0.0]}, "max_time": 47}}