{"system": {"I": [7.779118, 6.827146000000001, 7.7911980000000005, 7.073966, 5.597672000000001, 6.8250470000000005, 7.759960000000001, 7.247567000000001, 5.366302, 5.036925000000001, 5.060047000000001, 4.802482, 3.1059419999999998, 3.256475, 4.456123000000001, 7.223311, 5.835149, 6.350500000000001, 5.032440000000001, 7.401209, 6.2567379999999995, 6.7142349999999995, 8.106309999999999, 8.289299, 6.775872, 6.673725, 5.974654999999999, 6.717026, 4.881030999999999, 3.917023, 5.708308, 5.179365, 6.245056999999999, 8.365761999999998, 8.190244, 9.745556, 9.701085, 9.538386999999998, 9.629534, 8.007491, 8.629017, 8.194697999999999, 10.111510999999998, 8.213339, 6.996164000000001, 3.6002030000000005, 4.933082000000001, 2.666049], "X": [3.0, 2.1, 2.62, 2.4, 2.7600000000000002, 2.18, 2.6, 2.2199999999999998, 2.5, 2.2, 2.3899999999999997, 2.21, 2.2, 2.4, 2.1, 2.58, 2.1, 2.66, 2.1, 2.8, 2.4, 2.6100000000000003, 2.5, 2.69, 2.6100000000000003, 2.6100000000000003, 2.73, 2.0, 2.2, 2.1, 2.0, 2.27, 2.1, 2.82, 2.68, 3.2299999999999995, 3.31, 3.3, 3.4, 3.2, 3.6, 3.2, 4.0, 3.5, 3.41, 2.6, 2.4, 1.85], "G": [0.0, 0.0, 0.0, 0.0, 0.0, 0.0, 0.0, 0.0, 0.0, 0.130588, 0.8275, 5.103, 8.7904, 13.251, 15.236, 20.288, 15.7768, 13.1226, 22.462, 24.702, 29.934, 28.13, 26.906, 26.01, 27.088, 26.212, 20.104, 20.634, 14.2236, 9.6804, 7.532, 7.0248, 5.5544, 6.5336, 4.4462, 3.6346, 2.4288, 1.37196, 0.45644, 0.026852, 0.0, 0.0, 0.0, 0.0, 0.0, 0.0, 0.0, 0.0], "tanks": {"ECC": {"heater_power": 3, "litres_per_kWh": 20, "dilution": 1, "loss": 0.01, "w_init": 10, "tank_capacity": 300, "H": [0, 0, 0, 0, 0, 0, 0, 0, 0, 0, 0, 0, 0, 0, 0, 0, 0, 0, 10, 50, 50, 10, 10, 10, 10, 10, 10, 50, 50, 10, 10, 10, 10, 10, 10, 10, 100, 100, 10, 0, 0, 0, 0, 0, 0, 0, 0, 0]}, "Nursery": {"heater_power": 1, "litres_per_kWh": 20, "dilution": 1, "loss": 0.01, "w_init": 10, "tank_capacity": 300, "H": [0, 0, 0, 0, 0, 0, 0, 0, 0, 0, 0, 0, 0, 0, 0, 0, 0, 0, 0, 5, 5, 5, 5, 5, 5, 5, 5, 5, 5, 5, 5, 5, 5, 5, 5, 5, 5, 5, 5, 0, 0, 0, 0, 0, 0, 0, 0, 0]}}}, "solution": {"max_time": 47, "ECC": {"i": [0.0, 0.0, 0.0, 0.0, 0.0, 0.0, 0.0, 0.0, 0.0, 0.0, 0.0, 0.0, 0.0, 0.0, 0.0, 0.0, 0.0, 0.0, 0.0, 0.0, 0.0, 0.0, 0.0, 0.0, 0.0, 0.0, 0.0, 0.0, 0.0, 0.0, 0.0, 0.0, 0.0, 0.0, 0.0, 0.0, 0.0, 0.0, 0.0, 0.0, 0.0, 0.0, 0.0, 0.0, 0.0, 0.0, 0.0, 0.0], "s": [0.0, 0.0, 0.0, 0.0, 0.0, 0.0, 0.0, 0.0, 0.0, 0.0, 0.0, 0.0, 2.2662671, 0.0, 3.0, 0.0, 3.0, 0.0, 3.0, 0.0, 0.0, 0.0, 0.0, 0.0, 0.0, 0.0, 0.0, 3.0, 3.0, 3.0, 3.0, 2.1627681, 3.0, 0.0, 0.0, 0.0, 0.0, 0.0, 0.0, 0.0, 0.0, 0.0, 0.0, 0.0, 0.0, 0.0, 0.0, 0.0]}, "Nursery": {"i": [0.0, 0.0, 0.0, 0.0, 0.0, 0.0, 0.0, 0.0, 0.0, 0.0, 0.0, 0.0, 0.0, 0.0, 0.0, 0.0, 0.0, 0.0, 0.0, 0.0, 0.0, 0.0, 0.0, 0.0, 0.0, 0.0, 0.0, 0.0, 0.0, 0.0, 0.0, 0.0, 0.0, 0.0, 0.0, 0.0, 0.0, 0.0, 0.0, 0.0, 0.0, 0.0, 0.0, 0.0, 0.0, 0.0, 0.0, 0.0], "s": [0.0, 0.0, 0.0, 0.0, 0.0, 0.0, 0.0, 0.0, 0.0, 0.0, 0.0, 0.0, 0.0, 0.0, 0.0, 0.0, 0.94888298, 0.0, 1.0, 0.0, 0.0, 0.0, 0.0, 0.0, 0.0, 0.0, 0.0, 0.81103802, 0.0, 0.0, 1.0, 0.0, 1.0, 0.0, 0.0, 0.0, 0.0, 0.0, 0.0, 0.0, 0.0, 0.0, 0.0, 0.0, 0.0, 0.0, 0.0, 0.0]}}}