{
    "I": [5, 5, 5, 5, 5, 5, 3, -5, -5, 0, 5, 5, 5, 7, 7, 10, 10, 10, 10, 10, 10, 10, 10, 7, 7, 7, 7, 7, 7, 7, 7, 7, 5, 30, 30, 30, 30, 30, 30, 30, 12, 12, 12, 7, 7, 7, 7, 7],
    "X": [0, 0, 0, 0, 0, 0, 0, 0, 0, 0, 0, 0, 0, 2, 2, 5, 5, 5, 5, 5, 5, 5, 5, 2, 2, 2, 2, 2, 2, 2, 2, 2, 0, 25, 25, 25, 25, 25, 25, 25, 7, 7, 7, 2, 2, 2, 2, 2],
    "G": [0, 0, 0, 0, 0, 0, 0, 0, 0, 0, 0, 0, 0, 0, 0.783134188, 1.552869522, 2.296036393, 2.999919759, 3.65247669, 4.242542412, 4.760021333, 5.196059767, 5.543197413, 5.795495002, 5.948635905, 5.999999994, 5.948708465, 5.795638881, 5.543410149, 5.19633772, 4.760359748, 4.242935499, 3.652917723, 3.000401193, 2.296549991, 1.553406496, 0.783685351, 0.000555922, 0, 0, 0, 0, 0, 0, 0, 0, 0, 0]
}